{"cameraMode":{"drawMode":0,"name":"Shaded","section":"Shading Mode"},"sceneLighting":true,"audioPlay":false,"sceneViewState":{"showFog":true,"showMaterialUpdate":false,"showSkybox":true,"showFlares":true,"showImageEffects":true,"showParticleSystems":true},"in2DMode":false,"pivot":{"x":-72.65364837646485,"y":-23.29898452758789,"z":276.71673583984377},"rotation":{"x":-0.049740422517061236,"y":0.0440291091799736,"z":-0.0021947547793388368,"w":-0.9977905750274658},"size":291.4982604980469,"orthographic":false}